[{
  "_id": {
    "$oid": "63867ffb792865f62c79dfa5"
  },
  "title": "Globo Terráqueo",
  "price": 345.67,
  "thumbnail": "https://cdn3.iconfinder.com/data/icons/education-209/64/globe-earth-geograhy-planet-school-256.png",
  "stock": 3
},{
  "_id": {
    "$oid": "63868047792865f62c79dfa7"
  },
  "title": "Globo Terráqueo",
  "price": 345.67,
  "thumbnail": "https://cdn3.iconfinder.com/data/icons/education-209/64/globe-earth-geograhy-planet-school-256.png",
  "stock": 3
},{
  "_id": {
    "$oid": "63868047792865f62c79dfa8"
  },
  "title": "Cartuchera",
  "price": 100.25,
  "thumbnail": "https://cdn-icons-png.flaticon.com/512/4100/4100658.png",
  "stock": 4
},{
  "_id": {
    "$oid": "63868047792865f62c79dfa9"
  },
  "title": "Set de 3 cuadernos",
  "price": "1550.2",
  "thumbnail": "1661984749237-Cuadernos-3-unidades.jpg",
  "stock": 5
},{
  "_id": {
    "$oid": "63868047792865f62c79dfaa"
  },
  "title": "Tijera",
  "price": "125",
  "thumbnail": "1661984816625-tijera.jpg",
  "stock": 10
},{
  "_id": {
    "$oid": "63868047792865f62c79dfab"
  },
  "title": "Set de escuadras por 3 unidades",
  "price": "1500",
  "thumbnail": "1661985267308-escuadras-3-unidades.jpg",
  "stock": 10
}]